Sharma Agencies - Rate List (October 2026),,,,,,
S.No,Item Name,Pack,MRP,Rate,Case Qty,HSN
1,Red Label Tea,250 g,150,128,36,0902
2,Tata Tea Premium,Rs 10,10,8.6,200,0902
3,Amul Butter,100gm,58,52,40,0405
4,Cadbury Dairy Milk,Rs 10,10,8.5,144,1806
5,Kurkure Masala Munch,Rs 10,10,8.4,60,2106
6,Fortune Chakki Fresh Atta,5 kg,255,226,4,1101
7,Haldiram Moong Dal,200 g,55,47,30,2106
8,Bikaji Bikaneri Bhujia,200 g,55,46.5,30,2106
9,Bisleri Water,2 L,30,24,9,2201
10,Maggi Masala-ae-Magic,Rs 5,5,4.3,240,0910
11,Saffola Gold Oil,1 L,205,182,12,1517
12,Vasu Frozen Green Peas,1 kg,140,118,10,0710
13,Vasu Gold Soya Chaap (Stick),500 g,,135,20,2106
14,Kisan Papad Moong,200 g,60,,24,1905
,,,,,,
,Total,,,,,
